{"cameraMode":{"drawMode":0,"name":"Shaded","section":"Shading Mode"},"sceneLighting":false,"audioPlay":false,"sceneViewState":{"m_AlwaysRefresh":false,"showFog":true,"showSkybox":false,"showFlares":true,"showImageEffects":true,"showParticleSystems":true,"showVisualEffectGraphs":true,"m_FxEnabled":true},"in2DMode":false,"pivot":{"x":-0.012459486722946167,"y":0.007561057806015015,"z":-0.06218165159225464},"rotation":{"x":0.15785923600196839,"y":-0.6137752532958984,"z":0.12697558104991914,"w":0.7630516290664673},"size":0.7577911615371704,"orthographic":false}