{"cameraMode":{"drawMode":0,"name":"Shaded","section":"Shading Mode"},"sceneLighting":false,"audioPlay":false,"sceneViewState":{"m_AlwaysRefresh":false,"showFog":true,"showSkybox":false,"showFlares":true,"showImageEffects":true,"showParticleSystems":true,"showVisualEffectGraphs":true,"m_FxEnabled":true},"in2DMode":false,"pivot":{"x":-1.8592209815979005,"y":2.4805262088775636,"z":0.35956472158432009},"rotation":{"x":0.07296639680862427,"y":0.45707032084465029,"z":0.037639815360307696,"w":-0.8856845498085022},"size":8.717083930969239,"orthographic":false}