{"cameraMode":{"drawMode":0,"name":"Shaded","section":"Shading Mode"},"sceneLighting":false,"audioPlay":false,"sceneViewState":{"m_AlwaysRefresh":false,"showFog":true,"showSkybox":false,"showFlares":true,"showImageEffects":true,"showParticleSystems":true,"showVisualEffectGraphs":true,"m_FxEnabled":true},"in2DMode":false,"pivot":{"x":-0.3605327606201172,"y":-0.6082868576049805,"z":0.2814960479736328},"rotation":{"x":0.14711833000183106,"y":-0.1051296517252922,"z":0.015726443380117418,"w":0.983397901058197},"size":21.832426071166993,"orthographic":false}