{"cameraMode":{"drawMode":0,"name":"Shaded","section":"Shading Mode"},"sceneLighting":false,"audioPlay":false,"sceneViewState":{"m_AlwaysRefresh":false,"showFog":true,"showSkybox":false,"showFlares":true,"showImageEffects":true,"showParticleSystems":true,"showVisualEffectGraphs":true,"m_FxEnabled":true},"in2DMode":false,"pivot":{"x":-0.031645894050598147,"y":0.7779735326766968,"z":-0.09134989976882935},"rotation":{"x":0.05469128116965294,"y":-0.7203688025474548,"z":0.05717073008418083,"w":0.6890730857849121},"size":2.062617063522339,"orthographic":false}