{"cameraMode":{"drawMode":0,"name":"Shaded","section":"Shading Mode"},"sceneLighting":false,"audioPlay":false,"sceneViewState":{"m_AlwaysRefresh":false,"showFog":true,"showSkybox":false,"showFlares":true,"showImageEffects":true,"showParticleSystems":true,"showVisualEffectGraphs":true,"m_FxEnabled":true},"in2DMode":false,"pivot":{"x":-0.008740738034248352,"y":-0.09303648769855499,"z":1.7999699115753174},"rotation":{"x":0.2565004229545593,"y":-0.6101816892623901,"z":0.21825118362903596,"w":0.7171258330345154},"size":2.0454254150390627,"orthographic":false}