{"cameraMode":{"drawMode":0,"name":"Shaded","section":"Shading Mode"},"sceneLighting":false,"audioPlay":false,"sceneViewState":{"m_AlwaysRefresh":false,"showFog":true,"showSkybox":false,"showFlares":true,"showImageEffects":true,"showParticleSystems":true,"showVisualEffectGraphs":true,"m_FxEnabled":true},"in2DMode":false,"pivot":{"x":-0.29676830768585207,"y":1.3986881971359254,"z":-0.09564026445150376},"rotation":{"x":0.21889464557170869,"y":-0.3787071704864502,"z":0.0926750972867012,"w":0.8944787979125977},"size":0.026500383391976358,"orthographic":false}