{"cameraMode":{"drawMode":0,"name":"Shaded","section":"Shading Mode"},"sceneLighting":false,"audioPlay":false,"sceneViewState":{"m_AlwaysRefresh":false,"showFog":true,"showSkybox":false,"showFlares":true,"showImageEffects":true,"showParticleSystems":true,"showVisualEffectGraphs":true,"m_FxEnabled":true},"in2DMode":false,"pivot":{"x":0.000186920166015625,"y":0.0017538070678710938,"z":-0.0008568763732910156},"rotation":{"x":0.1619812250137329,"y":0.15268215537071229,"z":-0.025379758328199388,"w":0.9745858907699585},"size":9.155038833618164,"orthographic":false}