{"cameraMode":{"drawMode":0,"name":"Shaded","section":"Shading Mode"},"sceneLighting":false,"audioPlay":false,"sceneViewState":{"m_AlwaysRefresh":false,"showFog":true,"showSkybox":false,"showFlares":true,"showImageEffects":true,"showParticleSystems":true,"showVisualEffectGraphs":true,"m_FxEnabled":true},"in2DMode":false,"pivot":{"x":-0.08068180084228516,"y":0.024432063102722169,"z":-0.020985841751098634},"rotation":{"x":0.14711833000183106,"y":-0.1051296517252922,"z":0.015726443380117418,"w":0.983397901058197},"size":2.148723602294922,"orthographic":false}