{"cameraMode":{"drawMode":0,"name":"Shaded","section":"Shading Mode"},"sceneLighting":false,"audioPlay":false,"sceneViewState":{"m_AlwaysRefresh":false,"showFog":true,"showSkybox":false,"showFlares":true,"showImageEffects":true,"showParticleSystems":true,"showVisualEffectGraphs":true,"m_FxEnabled":true},"in2DMode":false,"pivot":{"x":-3.8112709522247316,"y":9.007522583007813,"z":-0.8732097148895264},"rotation":{"x":0.051336370408535007,"y":-0.9447590708732605,"z":0.1804221272468567,"w":0.26880478858947756},"size":13.889191627502442,"orthographic":false}