{"cameraMode":{"drawMode":0,"name":"Shaded","section":"Shading Mode"},"sceneLighting":false,"audioPlay":false,"sceneViewState":{"m_AlwaysRefresh":false,"showFog":true,"showSkybox":false,"showFlares":true,"showImageEffects":true,"showParticleSystems":true,"showVisualEffectGraphs":true,"m_FxEnabled":true},"in2DMode":false,"pivot":{"x":-0.06473690271377564,"y":-0.26014769077301028,"z":3.4018313884735109},"rotation":{"x":0.26441481709480288,"y":-0.5513266921043396,"z":0.18976786732673646,"w":0.7681962847709656},"size":0.4076099693775177,"orthographic":false}