{"cameraMode":{"drawMode":0,"name":"Shaded","section":"Shading Mode"},"sceneLighting":false,"audioPlay":false,"sceneViewState":{"m_AlwaysRefresh":false,"showFog":true,"showSkybox":false,"showFlares":true,"showImageEffects":true,"showParticleSystems":true,"showVisualEffectGraphs":true,"m_FxEnabled":true},"in2DMode":false,"pivot":{"x":-0.061800599098205569,"y":0.5575915575027466,"z":0.07043957710266113},"rotation":{"x":0.26441481709480288,"y":-0.5513266921043396,"z":0.18976786732673646,"w":0.7681962847709656},"size":0.9266567230224609,"orthographic":false}