{"cameraMode":{"drawMode":0,"name":"Shaded","section":"Shading Mode"},"sceneLighting":false,"audioPlay":false,"sceneViewState":{"m_AlwaysRefresh":false,"showFog":true,"showSkybox":false,"showFlares":true,"showImageEffects":true,"showParticleSystems":true,"showVisualEffectGraphs":true,"m_FxEnabled":true},"in2DMode":false,"pivot":{"x":-0.08070741593837738,"y":0.022512439638376237,"z":4.2993645668029789},"rotation":{"x":0.26441481709480288,"y":-0.5513266921043396,"z":0.18976786732673646,"w":0.7681962847709656},"size":0.3981039524078369,"orthographic":false}