{"cameraMode":{"drawMode":0,"name":"Shaded","section":"Shading Mode"},"sceneLighting":false,"audioPlay":false,"sceneViewState":{"m_AlwaysRefresh":false,"showFog":true,"showSkybox":false,"showFlares":true,"showImageEffects":true,"showParticleSystems":true,"showVisualEffectGraphs":true,"m_FxEnabled":true},"in2DMode":false,"pivot":{"x":-0.058966055512428287,"y":-0.5327222943305969,"z":-0.18701404333114625},"rotation":{"x":0.33179354667663576,"y":-0.10722332447767258,"z":0.037988148629665378,"w":0.9364756941795349},"size":2.400017261505127,"orthographic":false}