{"cameraMode":{"drawMode":0,"name":"Shaded","section":"Shading Mode"},"sceneLighting":false,"audioPlay":false,"sceneViewState":{"m_AlwaysRefresh":false,"showFog":true,"showSkybox":false,"showFlares":true,"showImageEffects":true,"showParticleSystems":true,"showVisualEffectGraphs":true,"m_FxEnabled":true},"in2DMode":false,"pivot":{"x":0.8753172755241394,"y":2.153703212738037,"z":0.5010071396827698},"rotation":{"x":0.06716138869524002,"y":0.09206004440784455,"z":-0.006224753335118294,"w":0.9934725761413574},"size":4.721039295196533,"orthographic":false}