{"cameraMode":{"drawMode":0,"name":"Shaded","section":"Shading Mode"},"sceneLighting":false,"audioPlay":false,"sceneViewState":{"m_AlwaysRefresh":false,"showFog":true,"showSkybox":false,"showFlares":true,"showImageEffects":true,"showParticleSystems":true,"showVisualEffectGraphs":true,"m_FxEnabled":true},"in2DMode":false,"pivot":{"x":-0.023272037506103517,"y":0.027598083019256593,"z":0.7935454845428467},"rotation":{"x":-0.36513084173202517,"y":0.6054584980010986,"z":-0.36489948630332949,"w":-0.6058180332183838},"size":1.8661706447601319,"orthographic":false}