{"cameraMode":{"drawMode":0,"name":"Shaded","section":"Shading Mode"},"sceneLighting":false,"audioPlay":false,"sceneViewState":{"m_AlwaysRefresh":false,"showFog":true,"showSkybox":false,"showFlares":true,"showImageEffects":true,"showParticleSystems":true,"showVisualEffectGraphs":true,"m_FxEnabled":true},"in2DMode":false,"pivot":{"x":-0.003141641616821289,"y":-0.1487845778465271,"z":0.20404216647148133},"rotation":{"x":0.15785923600196839,"y":-0.6137752532958984,"z":0.12697558104991914,"w":0.7630516290664673},"size":0.7782533168792725,"orthographic":false}