{"cameraMode":{"drawMode":0,"name":"Shaded","section":"Shading Mode"},"sceneLighting":false,"audioPlay":false,"sceneViewState":{"m_AlwaysRefresh":false,"showFog":true,"showSkybox":false,"showFlares":true,"showImageEffects":true,"showParticleSystems":true,"showVisualEffectGraphs":true,"m_FxEnabled":true},"in2DMode":false,"pivot":{"x":-0.27993762493133547,"y":0.1485598087310791,"z":2.2530672550201418},"rotation":{"x":-0.36513084173202517,"y":0.6054584980010986,"z":-0.36489948630332949,"w":-0.6058180332183838},"size":1.8000173568725587,"orthographic":false}