{"cameraMode":{"drawMode":0,"name":"Shaded","section":"Shading Mode"},"sceneLighting":false,"audioPlay":false,"sceneViewState":{"m_AlwaysRefresh":false,"showFog":true,"showSkybox":false,"showFlares":true,"showImageEffects":true,"showParticleSystems":true,"showVisualEffectGraphs":true,"m_FxEnabled":true},"in2DMode":false,"pivot":{"x":0.3804895877838135,"y":-0.02471819519996643,"z":0.07454752922058106},"rotation":{"x":0.14711833000183106,"y":-0.1051296517252922,"z":0.015726443380117418,"w":0.983397901058197},"size":1.4655752182006837,"orthographic":false}