{"cameraMode":{"drawMode":0,"name":"Shaded","section":"Shading Mode"},"sceneLighting":false,"audioPlay":false,"sceneViewState":{"m_AlwaysRefresh":false,"showFog":true,"showSkybox":false,"showFlares":true,"showImageEffects":true,"showParticleSystems":true,"showVisualEffectGraphs":true,"m_FxEnabled":true},"in2DMode":false,"pivot":{"x":-0.1103716567158699,"y":3.0787243843078615,"z":-0.007198188453912735},"rotation":{"x":0.11005866527557373,"y":-0.5436755418777466,"z":0.07218372821807862,"w":0.8289206027984619},"size":4.226500034332275,"orthographic":false}